<keymap version="1" name="Default copy" parent="$default">
  <action id="ChangesView.GroupBy.Directory" />
  <action id="ChooseDebugConfiguration" />
  <action id="FileChooser.TogglePathShowing" />
  <action id="Git.Fetch">
    <keyboard-shortcut first-keystroke="alt f" />
  </action>
  <action id="Git.Merge">
    <keyboard-shortcut first-keystroke="alt e" />
  </action>
  <action id="Git.Pull">
    <keyboard-shortcut first-keystroke="alt p" />
  </action>
  <action id="JRebel Debug">
    <keyboard-shortcut first-keystroke="shift alt f9" />
  </action>
  <action id="ParameterInfo" />
  <action id="XDebugger.MuteBreakpoints">
    <keyboard-shortcut first-keystroke="ctrl p" />
  </action>
</keymap>