<application>
  <component name="GeneralSettings">
    <option name="autoSaveIfInactive" value="true" />
    <option name="browserPath" value="C:\Program Files (x86)\Google\Chrome\Application\chrome.exe" />
    <option name="inactiveTimeout" value="10" />
    <option name="showTipsOnStartup" value="false" />
    <option name="useDefaultBrowser" value="false" />
  </component>
  <component name="Registry">
    <entry key="compiler.automake.allow.when.app.running" value="true" />
    <entry key="debugger.watches.in.variables" value="false" />
  </component>
</application>