<application>
  <component name="BackgroundImageConfiguration">
    <option name="filename" value="http://i.imdb.com/Photos/Ss/0266543/Nemo102.jpg" />
    <option name="localFile" value="false" />
    <option name="enabled" value="false" />
  </component>
  <component name="NodeJsLocalInterpreters">
    <local-interpreter path="D:/nodejs/node.exe" />
  </component>
  <component name="SvnApplicationSettings">
    <option name="myCheckoutURLs">
      <list>
        <option value="http://172.20.183.104:30009/svn/youshang/kingdeeCloud/Personas" />
        <option value="http://172.20.183.104:30009/svn/youshang/kingdeeCloud" />
      </list>
    </option>
    <option name="myTypedURLs">
      <list>
        <option value="http://172.20.183.104:30009/svn/youshang/kingdeeCloud/Personas" />
        <option value="http://172.20.183.104:30009/svn/youshang/kingdeeCloud" />
      </list>
    </option>
  </component>
  <component name="com.a.a.i.a.a.J" enableSqlConsole="false" />
</application>