<application>
  <component name="AppStorage">
    <histories>
      <item value="range" />
      <item value="folder" />
      <item value="terms" />
      <item value="Constraint" />
      <item value="constraint" />
      <item value="MyConstraint" />
      <item value="ENTIRETY_OVERVIEW_WHOLE_GROUP" />
      <item value="compact" />
      <item value="自媒体" />
      <item value="你好" />
      <item value="class" />
    </histories>
    <option name="languageScores">
      <map>
        <entry key="CHINESE" value="2" />
        <entry key="ENGLISH" value="4" />
      </map>
    </option>
  </component>
  <component name="Settings">
    <option name="ignoreRegExp" value="" />
    <option name="translator" value="ai.youdao" />
    <option name="youdaoTranslateSettings">
      <youdao-translate>
        <option name="appId" value="233e7eb550e9c377" />
        <option name="appKeyConfigured" value="true" />
      </youdao-translate>
    </option>
  </component>
</application>